Workbook

Sheet Shipment Data
A1: Shipment ID | B1: Order Date | C1: Ship Date | D1: Origin Hub | E1: Destination City | F1: Carrier | G1: Transport Mode | H1: Weight (KG) | I1: Freight Cost ($) | J1: Delivery Status | K1: Promised Days | L1: Actual Days | M1: Processing Days | N1: Cost per KG ($) | O1: On-Time Status
A2: SHP-1001 | B2: 2026-02-10 | C2: 2026-02-10 | D2: Hub-East | E2: Kolkata | F2: SwiftLog | G2: Ground | H2: 221 | I2: 8780.2 | J2: Delivered | K2: 5 | L2: 6 | M2: =C2-B2 | N2: =I2/H2 | O2: =IF(J2="Cancelled","N/A",IF(L2<=K2,"On Time","Late"))
A3: SHP-1002 | B3: 2026-01-28 | C3: 2026-01-28 | D3: Hub-East | E3: Delhi | F3: SwiftLog | G3: Ground | H3: 408 | I3: 15112.47 | J3: Delivered | K3: 5 | L3: 7 | M3: =C3-B3 | N3: =I3/H3 | O3: =IF(J3="Cancelled","N/A",IF(L3<=K3,"On Time","Late"))
A4: SHP-1003 | B4: 2026-02-11 | C4: 2026-02-13 | D4: Hub-South | E4: Chennai | F4: MetroEx | G4: Rail | H4: 1069 | I4: 21480.81 | J4: Delivered | K4: 5 | L4: 7 | M4: =C4-B4 | N4: =I4/H4 | O4: =IF(J4="Cancelled","N/A",IF(L4<=K4,"On Time","Late"))
A5: SHP-1004 | B5: 2026-01-28 | C5: 2026-01-29 | D5: Hub-North | E5: Bangalore | F5: SwiftLog | G5: Air | H5: 36 | I5: 3176.86 | J5: Delayed | K5: 1 | L5: 5 | M5: =C5-B5 | N5: =I5/H5 | O5: =IF(J5="Cancelled","N/A",IF(L5<=K5,"On Time","Late"))
A6: SHP-1005 | B6: 2026-02-08 | C6: 2026-02-09 | D6: Hub-East | E6: Pune | F6: ApexCargo | G6: Ground | H6: 343 | I6: 9115.57 | J6: Delayed | K6: 4 | L6: 7 | M6: =C6-B6 | N6: =I6/H6 | O6: =IF(J6="Cancelled","N/A",IF(L6<=K6,"On Time","Late"))
A7: SHP-1006 | B7: 2026-02-15 | C7: 2026-02-15 | D7: Hub-East | E7: Chennai | F7: MetroEx | G7: Ground | H7: 587 | I7: 17407.97 | J7: In Transit | K7: 3 | L7: 3 | M7: =C7-B7 | N7: =I7/H7 | O7: =IF(J7="Cancelled","N/A",IF(L7<=K7,"On Time","Late"))
A8: SHP-1007 | B8: 2026-01-18 | C8: 2026-01-19 | D8: Hub-North | E8: Bangalore | F8: MetroEx | G8: Air | H8: 63 | I8: 6832.74 | J8: Delivered | K8: 1 | L8: 2 | M8: =C8-B8 | N8: =I8/H8 | O8: =IF(J8="Cancelled","N/A",IF(L8<=K8,"On Time","Late"))
A9: SHP-1008 | B9: 2026-01-16 | C9: 2026-01-16 | D9: Hub-South | E9: Ahmedabad | F9: MetroEx | G9: Rail | H9: 1909 | I9: 33540.17 | J9: Delivered | K9: 7 | L9: 7 | M9: =C9-B9 | N9: =I9/H9 | O9: =IF(J9="Cancelled","N/A",IF(L9<=K9,"On Time","Late"))
A10: SHP-1009 | B10: 2026-01-03 | C10: 2026-01-04 | D10: Hub-South | E10: Kolkata | F10: SwiftLog | G10: Ground | H10: 440 | I10: 18712.04 | J10: Delivered | K10: 4 | L10: 6 | M10: =C10-B10 | N10: =I10/H10 | O10: =IF(J10="Cancelled","N/A",IF(L10<=K10,"On Time","Late"))
A11: SHP-1010 | B11: 2026-02-01 | C11: 2026-02-02 | D11: Hub-South | E11: Bangalore | F11: MetroEx | G11: Ground | H11: 276 | I11: 11012.34 | J11: Delivered | K11: 5 | L11: 7 | M11: =C11-B11 | N11: =I11/H11 | O11: =IF(J11="Cancelled","N/A",IF(L11<=K11,"On Time","Late"))
A12: SHP-1011 | B12: 2026-02-07 | C12: 2026-02-08 | D12: Hub-South | E12: Hyderabad | F12: SwiftLog | G12: Ground | H12: 410 | I12: 14296.83 | J12: Delivered | K12: 3 | L12: 3 | M12: =C12-B12 | N12: =I12/H12 | O12: =IF(J12="Cancelled","N/A",IF(L12<=K12,"On Time","Late"))
A13: SHP-1012 | B13: 2026-02-10 | C13: 2026-02-10 | D13: Hub-South | E13: Delhi | F13: MetroEx | G13: Air | H13: 129 | I13: 13353.95 | J13: Delivered | K13: 1 | L13: 3 | M13: =C13-B13 | N13: =I13/H13 | O13: =IF(J13="Cancelled","N/A",IF(L13<=K13,"On Time","Late"))
... A501: SHP-1500 | B501: 2026-02-05 | C501: 2026-02-06 | D501: Hub-South | E501: Chennai | F501: ApexCargo | G501: Ground | H501: 428 | I501: 13676.01 | J501: Cancelled | K501: 5 | L501: 0 | M501: =C501-B501 | N501: =I501/H501 | O501: =IF(J501="Cancelled","N/A",IF(L501<=K501,"On Time","Late"))

Sheet Dashboard & Summary
A1: Executive Logistics Performance Summary
A2: Real-time analytics and KPI monitoring for supply chain operations
A4: Total Shipments | C4: Total Freight Spend | E4: Avg Cost / KG | G4: On-Time Delivery %
A5: =COUNTA('Shipment Data'!A2:A501) | C5: =SUM('Shipment Data'!I2:I501) | E5: =AVERAGE('Shipment Data'!N2:N501) | G5: =COUNTIFS('Shipment Data'!O2:O501, "On Time") / COUNTIFS('Shipment Data'!J2:J501, "Delivered")
A8: Carrier Performance Breakdown
A9: Carrier | B9: Shipment Count | C9: Total Freight Cost ($) | D9: Avg Actual Days | E9: On-Time %
A10: SwiftLog | B10: =COUNTIF('Shipment Data'!F$2:F$501, A10) | C10: =SUMIF('Shipment Data'!F$2:F$501, A10, 'Shipment Data'!I$2:I$501) | D10: =AVERAGEIF('Shipment Data'!F$2:F$501, A10, 'Shipment Data'!L$2:L$501) | E10: =COUNTIFS('Shipment Data'!F$2:F$501, A10, 'Shipment Data'!O$2:O$501, "On Time") / COUNTIFS('Shipment Data'!F$2:F$501, A10, 'Shipment Data'!J$2:J$501, "Delivered")
A11: MetroEx | B11: =COUNTIF('Shipment Data'!F$2:F$501, A11) | C11: =SUMIF('Shipment Data'!F$2:F$501, A11, 'Shipment Data'!I$2:I$501) | D11: =AVERAGEIF('Shipment Data'!F$2:F$501, A11, 'Shipment Data'!L$2:L$501) | E11: =COUNTIFS('Shipment Data'!F$2:F$501, A11, 'Shipment Data'!O$2:O$501, "On Time") / COUNTIFS('Shipment Data'!F$2:F$501, A11, 'Shipment Data'!J$2:J$501, "Delivered")
A12: ApexCargo | B12: =COUNTIF('Shipment Data'!F$2:F$501, A12) | C12: =SUMIF('Shipment Data'!F$2:F$501, A12, 'Shipment Data'!I$2:I$501) | D12: =AVERAGEIF('Shipment Data'!F$2:F$501, A12, 'Shipment Data'!L$2:L$501) | E12: =COUNTIFS('Shipment Data'!F$2:F$501, A12, 'Shipment Data'!O$2:O$501, "On Time") / COUNTIFS('Shipment Data'!F$2:F$501, A12, 'Shipment Data'!J$2:J$501, "Delivered")
A13: Total / Average | B13: =SUM(B10:B12) | C13: =SUM(C10:C12) | D13: =AVERAGE(D10:D12) | E13: =AVERAGE(E10:E12)
A16: Transport Mode Analytics
A17: Mode | B17: Total Weight (KG) | C17: Total Spend ($) | D17: Avg Cost / KG ($)
A18: Air | B18: =SUMIF('Shipment Data'!G$2:G$501, A18, 'Shipment Data'!H$2:H$501) | C18: =SUMIF('Shipment Data'!G$2:G$501, A18, 'Shipment Data'!I$2:I$501) | D18: =C18/B18
A19: Ground | B19: =SUMIF('Shipment Data'!G$2:G$501, A19, 'Shipment Data'!H$2:H$501) | C19: =SUMIF('Shipment Data'!G$2:G$501, A19, 'Shipment Data'!I$2:I$501) | D19: =C19/B19
A20: Rail | B20: =SUMIF('Shipment Data'!G$2:G$501, A20, 'Shipment Data'!H$2:H$501) | C20: =SUMIF('Shipment Data'!G$2:G$501, A20, 'Shipment Data'!I$2:I$501) | D20: =C20/B20
